{
  "swagger" : "2.0",
  "info" : {
    "title" : "FUNDS_TRANSFER_API",
    "version" : "1.0.0",
    "description" : "Fund transfer across bank accounts"
  },
  "paths" : {
    "/localXfer" : {
      "post" : {
        "operationId" : "localXfer",
        "responses" : {
          "200" : {
            "description" : "money transfer completed",
            "schema" : {
              "$ref" : "#/definitions/transferStatus"
            }
          }
        },
        "consumes" : [ "application/json" ],
        "produces" : [ "application/json" ],
        "description" : "perform moneyTransfer from one account to another",
        "parameters" : [ {
          "name" : "body",
          "in" : "body",
          "schema" : {
            "$ref" : "#/definitions/accountInfo"
          },
          "description" : "The request body for the operation",
          "required" : true
        } ]
      }
    }
  },
  "basePath" : "/fundstransfer/v1",
  "definitions" : {
    "accountInfo" : {
      "type" : "object",
      "properties" : {
        "sourceAccNo" : {
          "type" : "string"
        },
        "targetAccNo" : {
          "type" : "string"
        },
        "amount" : {
          "type" : "number"
        }
      }
    },
    "transferStatus" : {
      "type" : "object",
      "properties" : {
        "TransactionID" : {
          "type" : [ "string", "null" ]
        },
        "Status" : {
          "type" : [ "string", "null" ]
        }
      }
    }
  }
}